ParticipantId,ExperimentId,TrialNumber,time_allfaces_trial,above_median_trial
01b4b516-ac2f-4143-a2fe-78915f4de188,98,1,30414,TRUE
01b4b516-ac2f-4143-a2fe-78915f4de188,98,2,22062,FALSE
01b4b516-ac2f-4143-a2fe-78915f4de188,98,3,22758,FALSE
01b4b516-ac2f-4143-a2fe-78915f4de188,98,4,24031,FALSE
01b4b516-ac2f-4143-a2fe-78915f4de188,98,5,25069,FALSE
01b4b516-ac2f-4143-a2fe-78915f4de188,98,6,23056,FALSE
01b4b516-ac2f-4143-a2fe-78915f4de188,98,7,24207,FALSE
01b4b516-ac2f-4143-a2fe-78915f4de188,98,8,26833,TRUE
00c4aa2b-0406-4218-b22c-9f4fd93b9ca0,100,1,29463,TRUE
00c4aa2b-0406-4218-b22c-9f4fd93b9ca0,100,2,30313,TRUE
00c4aa2b-0406-4218-b22c-9f4fd93b9ca0,100,3,28329,TRUE
00c4aa2b-0406-4218-b22c-9f4fd93b9ca0,100,4,27320,TRUE
00c4aa2b-0406-4218-b22c-9f4fd93b9ca0,100,5,29774,TRUE
00c4aa2b-0406-4218-b22c-9f4fd93b9ca0,100,6,26040,TRUE
00c4aa2b-0406-4218-b22c-9f4fd93b9ca0,100,7,27781,TRUE
00c4aa2b-0406-4218-b22c-9f4fd93b9ca0,100,8,33338,TRUE
4817c64b-5e41-4aad-9711-44fbbe4de277,102,1,23624,FALSE
4817c64b-5e41-4aad-9711-44fbbe4de277,102,2,24277,FALSE
4817c64b-5e41-4aad-9711-44fbbe4de277,102,3,26602,TRUE
4817c64b-5e41-4aad-9711-44fbbe4de277,102,4,23216,FALSE
4817c64b-5e41-4aad-9711-44fbbe4de277,102,5,22443,FALSE
4817c64b-5e41-4aad-9711-44fbbe4de277,102,6,23767,FALSE
4817c64b-5e41-4aad-9711-44fbbe4de277,102,7,20750,FALSE
4817c64b-5e41-4aad-9711-44fbbe4de277,102,8,22653,FALSE
fcb93092-ca45-4a7c-b620-1eb726c5c6e6,104,1,18501,FALSE
fcb93092-ca45-4a7c-b620-1eb726c5c6e6,104,2,22600,FALSE
fcb93092-ca45-4a7c-b620-1eb726c5c6e6,104,3,17609,FALSE
fcb93092-ca45-4a7c-b620-1eb726c5c6e6,104,4,24162,FALSE
fcb93092-ca45-4a7c-b620-1eb726c5c6e6,104,5,23666,FALSE
fcb93092-ca45-4a7c-b620-1eb726c5c6e6,104,6,23059,FALSE
fcb93092-ca45-4a7c-b620-1eb726c5c6e6,104,7,30650,TRUE
fcb93092-ca45-4a7c-b620-1eb726c5c6e6,104,8,19297,FALSE
150dea3d-165d-4997-bf22-f95699848157,107,1,25978,TRUE
150dea3d-165d-4997-bf22-f95699848157,107,2,28431,TRUE
150dea3d-165d-4997-bf22-f95699848157,107,3,27995,TRUE
150dea3d-165d-4997-bf22-f95699848157,107,4,26371,TRUE
150dea3d-165d-4997-bf22-f95699848157,107,5,25134,FALSE
150dea3d-165d-4997-bf22-f95699848157,107,6,26681,TRUE
150dea3d-165d-4997-bf22-f95699848157,107,7,37603,TRUE
150dea3d-165d-4997-bf22-f95699848157,107,8,24298,FALSE
616bf309-cab7-47d7-8c86-9bca00411c22,109,1,72932,TRUE
616bf309-cab7-47d7-8c86-9bca00411c22,109,2,38053,TRUE
616bf309-cab7-47d7-8c86-9bca00411c22,109,3,39801,TRUE
616bf309-cab7-47d7-8c86-9bca00411c22,109,4,36060,TRUE
616bf309-cab7-47d7-8c86-9bca00411c22,109,5,27361,TRUE
616bf309-cab7-47d7-8c86-9bca00411c22,109,6,28206,TRUE
616bf309-cab7-47d7-8c86-9bca00411c22,109,7,31944,TRUE
616bf309-cab7-47d7-8c86-9bca00411c22,109,8,45490,TRUE
7db78a3c-08c5-4266-9b5b-fcfd1a275cfa,111,1,43990,TRUE
7db78a3c-08c5-4266-9b5b-fcfd1a275cfa,111,2,22651,FALSE
7db78a3c-08c5-4266-9b5b-fcfd1a275cfa,111,3,21044,FALSE
7db78a3c-08c5-4266-9b5b-fcfd1a275cfa,111,4,23068,FALSE
7db78a3c-08c5-4266-9b5b-fcfd1a275cfa,111,5,28554,TRUE
7db78a3c-08c5-4266-9b5b-fcfd1a275cfa,111,6,23564,FALSE
7db78a3c-08c5-4266-9b5b-fcfd1a275cfa,111,7,25414,TRUE
7db78a3c-08c5-4266-9b5b-fcfd1a275cfa,111,8,27914,TRUE
0e1f63f5-654d-42c6-aa28-78eede66619c,113,1,25811,TRUE
0e1f63f5-654d-42c6-aa28-78eede66619c,113,2,25965,TRUE
0e1f63f5-654d-42c6-aa28-78eede66619c,113,3,20004,FALSE
0e1f63f5-654d-42c6-aa28-78eede66619c,113,4,20528,FALSE
0e1f63f5-654d-42c6-aa28-78eede66619c,113,5,20369,FALSE
0e1f63f5-654d-42c6-aa28-78eede66619c,113,6,22010,FALSE
0e1f63f5-654d-42c6-aa28-78eede66619c,113,7,40139,TRUE
0e1f63f5-654d-42c6-aa28-78eede66619c,113,8,26921,TRUE
a7bf5393-a882-4b56-a1a9-bc641ed01ce5,115,1,22664,FALSE
a7bf5393-a882-4b56-a1a9-bc641ed01ce5,115,2,22886,FALSE
a7bf5393-a882-4b56-a1a9-bc641ed01ce5,115,3,28997,TRUE
a7bf5393-a882-4b56-a1a9-bc641ed01ce5,115,4,24802,FALSE
a7bf5393-a882-4b56-a1a9-bc641ed01ce5,115,5,27074,TRUE
a7bf5393-a882-4b56-a1a9-bc641ed01ce5,115,6,23259,FALSE
a7bf5393-a882-4b56-a1a9-bc641ed01ce5,115,7,25785,TRUE
a7bf5393-a882-4b56-a1a9-bc641ed01ce5,115,8,33396,TRUE
125e3c94-dd77-4dbd-9a5f-04af37cace34,116,1,35992,TRUE
125e3c94-dd77-4dbd-9a5f-04af37cace34,116,2,34899,TRUE
125e3c94-dd77-4dbd-9a5f-04af37cace34,116,3,29724,TRUE
125e3c94-dd77-4dbd-9a5f-04af37cace34,116,4,23860,FALSE
125e3c94-dd77-4dbd-9a5f-04af37cace34,116,5,25092,FALSE
125e3c94-dd77-4dbd-9a5f-04af37cace34,116,6,28603,TRUE
125e3c94-dd77-4dbd-9a5f-04af37cace34,116,7,46857,TRUE
125e3c94-dd77-4dbd-9a5f-04af37cace34,116,8,27867,TRUE
bcca3bcf-9cc9-4b8b-b676-7340618043bc,118,1,30490,TRUE
bcca3bcf-9cc9-4b8b-b676-7340618043bc,118,2,25281,TRUE
bcca3bcf-9cc9-4b8b-b676-7340618043bc,118,3,27980,TRUE
bcca3bcf-9cc9-4b8b-b676-7340618043bc,118,4,28689,TRUE
bcca3bcf-9cc9-4b8b-b676-7340618043bc,118,5,27771,TRUE
bcca3bcf-9cc9-4b8b-b676-7340618043bc,118,6,27938,TRUE
bcca3bcf-9cc9-4b8b-b676-7340618043bc,118,7,29480,TRUE
bcca3bcf-9cc9-4b8b-b676-7340618043bc,118,8,26479,TRUE
29f5ebd7-aca5-4723-b939-04a81aa1adee,120,1,36543,TRUE
29f5ebd7-aca5-4723-b939-04a81aa1adee,120,2,21732,FALSE
29f5ebd7-aca5-4723-b939-04a81aa1adee,120,3,23667,FALSE
29f5ebd7-aca5-4723-b939-04a81aa1adee,120,4,25704,TRUE
29f5ebd7-aca5-4723-b939-04a81aa1adee,120,5,26339,TRUE
29f5ebd7-aca5-4723-b939-04a81aa1adee,120,6,23606,FALSE
29f5ebd7-aca5-4723-b939-04a81aa1adee,120,7,24225,FALSE
29f5ebd7-aca5-4723-b939-04a81aa1adee,120,8,28263,TRUE
a0e956fb-2cd4-4b07-8668-0128625d199d,123,1,38209,TRUE
a0e956fb-2cd4-4b07-8668-0128625d199d,123,2,24957,FALSE
a0e956fb-2cd4-4b07-8668-0128625d199d,123,3,25536,TRUE
a0e956fb-2cd4-4b07-8668-0128625d199d,123,4,26035,TRUE
a0e956fb-2cd4-4b07-8668-0128625d199d,123,5,25168,FALSE
a0e956fb-2cd4-4b07-8668-0128625d199d,123,6,32052,TRUE
a0e956fb-2cd4-4b07-8668-0128625d199d,123,7,26617,TRUE
a0e956fb-2cd4-4b07-8668-0128625d199d,123,8,23966,FALSE
fc090cef-fa2b-4209-a930-6841569fa527,125,1,23362,FALSE
fc090cef-fa2b-4209-a930-6841569fa527,125,2,20453,FALSE
fc090cef-fa2b-4209-a930-6841569fa527,125,3,20662,FALSE
fc090cef-fa2b-4209-a930-6841569fa527,125,4,19630,FALSE
fc090cef-fa2b-4209-a930-6841569fa527,125,5,44048,TRUE
fc090cef-fa2b-4209-a930-6841569fa527,125,6,36332,TRUE
fc090cef-fa2b-4209-a930-6841569fa527,125,7,26420,TRUE
fc090cef-fa2b-4209-a930-6841569fa527,125,8,23556,FALSE
fd6df44a-b58c-4832-a1b3-327073ade1ad,127,1,41112,TRUE
fd6df44a-b58c-4832-a1b3-327073ade1ad,127,2,31006,TRUE
fd6df44a-b58c-4832-a1b3-327073ade1ad,127,3,16677,FALSE
fd6df44a-b58c-4832-a1b3-327073ade1ad,127,4,21430,FALSE
fd6df44a-b58c-4832-a1b3-327073ade1ad,127,5,21030,FALSE
fd6df44a-b58c-4832-a1b3-327073ade1ad,127,6,20463,FALSE
fd6df44a-b58c-4832-a1b3-327073ade1ad,127,7,22580,FALSE
fd6df44a-b58c-4832-a1b3-327073ade1ad,127,8,25021,FALSE
1ecf6d3b-c05e-444e-9b19-0718f93ade64,129,1,36387,TRUE
1ecf6d3b-c05e-444e-9b19-0718f93ade64,129,2,27614,TRUE
1ecf6d3b-c05e-444e-9b19-0718f93ade64,129,3,24013,FALSE
1ecf6d3b-c05e-444e-9b19-0718f93ade64,129,4,25180,FALSE
1ecf6d3b-c05e-444e-9b19-0718f93ade64,129,5,29196,TRUE
1ecf6d3b-c05e-444e-9b19-0718f93ade64,129,6,24315,FALSE
1ecf6d3b-c05e-444e-9b19-0718f93ade64,129,7,25421,TRUE
1ecf6d3b-c05e-444e-9b19-0718f93ade64,129,8,27288,TRUE
27c5608e-5446-4ba5-8bdd-b2ff111a0d2b,131,1,48143,TRUE
27c5608e-5446-4ba5-8bdd-b2ff111a0d2b,131,2,41203,TRUE
27c5608e-5446-4ba5-8bdd-b2ff111a0d2b,131,3,23260,FALSE
27c5608e-5446-4ba5-8bdd-b2ff111a0d2b,131,4,34014,TRUE
27c5608e-5446-4ba5-8bdd-b2ff111a0d2b,131,5,32277,TRUE
27c5608e-5446-4ba5-8bdd-b2ff111a0d2b,131,6,26848,TRUE
27c5608e-5446-4ba5-8bdd-b2ff111a0d2b,131,7,31520,TRUE
27c5608e-5446-4ba5-8bdd-b2ff111a0d2b,131,8,31928,TRUE
a3f00df7-74be-433f-8789-9f32dbacbb19,133,1,32234,TRUE
a3f00df7-74be-433f-8789-9f32dbacbb19,133,2,18333,FALSE
a3f00df7-74be-433f-8789-9f32dbacbb19,133,3,21844,FALSE
a3f00df7-74be-433f-8789-9f32dbacbb19,133,4,18068,FALSE
a3f00df7-74be-433f-8789-9f32dbacbb19,133,5,15897,FALSE
a3f00df7-74be-433f-8789-9f32dbacbb19,133,6,18557,FALSE
a3f00df7-74be-433f-8789-9f32dbacbb19,133,7,14306,FALSE
a3f00df7-74be-433f-8789-9f32dbacbb19,133,8,16089,FALSE
ac67c184-14de-437e-b402-f80f927ebe16,135,1,40185,TRUE
ac67c184-14de-437e-b402-f80f927ebe16,135,2,31685,TRUE
ac67c184-14de-437e-b402-f80f927ebe16,135,3,27734,TRUE
ac67c184-14de-437e-b402-f80f927ebe16,135,4,32682,TRUE
ac67c184-14de-437e-b402-f80f927ebe16,135,5,25106,FALSE
ac67c184-14de-437e-b402-f80f927ebe16,135,6,24417,FALSE
ac67c184-14de-437e-b402-f80f927ebe16,135,7,23014,FALSE
ac67c184-14de-437e-b402-f80f927ebe16,135,8,23969,FALSE
debb9fa7-9065-45c5-9b11-e5932a9d822c,137,1,25999,TRUE
debb9fa7-9065-45c5-9b11-e5932a9d822c,137,2,36732,TRUE
debb9fa7-9065-45c5-9b11-e5932a9d822c,137,3,29056,TRUE
debb9fa7-9065-45c5-9b11-e5932a9d822c,137,4,23582,FALSE
debb9fa7-9065-45c5-9b11-e5932a9d822c,137,5,18568,FALSE
debb9fa7-9065-45c5-9b11-e5932a9d822c,137,6,16668,FALSE
debb9fa7-9065-45c5-9b11-e5932a9d822c,137,7,23276,FALSE
debb9fa7-9065-45c5-9b11-e5932a9d822c,137,8,20697,FALSE
35efa54e-9589-44d1-bf44-2cbe2eb40e0a,139,1,52605,TRUE
35efa54e-9589-44d1-bf44-2cbe2eb40e0a,139,2,25111,FALSE
35efa54e-9589-44d1-bf44-2cbe2eb40e0a,139,3,25411,TRUE
35efa54e-9589-44d1-bf44-2cbe2eb40e0a,139,4,31536,TRUE
35efa54e-9589-44d1-bf44-2cbe2eb40e0a,139,5,28334,TRUE
35efa54e-9589-44d1-bf44-2cbe2eb40e0a,139,6,25505,TRUE
35efa54e-9589-44d1-bf44-2cbe2eb40e0a,139,7,29062,TRUE
35efa54e-9589-44d1-bf44-2cbe2eb40e0a,139,8,28387,TRUE
359406b6-88a0-4505-a471-84b4d4c6e56f,142,1,47165,TRUE
359406b6-88a0-4505-a471-84b4d4c6e56f,142,2,22173,FALSE
359406b6-88a0-4505-a471-84b4d4c6e56f,142,3,16025,FALSE
359406b6-88a0-4505-a471-84b4d4c6e56f,142,4,18038,FALSE
359406b6-88a0-4505-a471-84b4d4c6e56f,142,5,18460,FALSE
359406b6-88a0-4505-a471-84b4d4c6e56f,142,6,20460,FALSE
359406b6-88a0-4505-a471-84b4d4c6e56f,142,7,13939,FALSE
359406b6-88a0-4505-a471-84b4d4c6e56f,142,8,20703,FALSE
8b405cc0-eaff-49c3-a1e8-56b53deb5dc6,144,1,33141,TRUE
8b405cc0-eaff-49c3-a1e8-56b53deb5dc6,144,2,30619,TRUE
8b405cc0-eaff-49c3-a1e8-56b53deb5dc6,144,3,24175,FALSE
8b405cc0-eaff-49c3-a1e8-56b53deb5dc6,144,4,19266,FALSE
8b405cc0-eaff-49c3-a1e8-56b53deb5dc6,144,5,20577,FALSE
8b405cc0-eaff-49c3-a1e8-56b53deb5dc6,144,6,15896,FALSE
8b405cc0-eaff-49c3-a1e8-56b53deb5dc6,144,7,17369,FALSE
8b405cc0-eaff-49c3-a1e8-56b53deb5dc6,144,8,16764,FALSE
aeed8e73-b437-467d-8cf9-b6abb64c43c3,147,1,34674,TRUE
aeed8e73-b437-467d-8cf9-b6abb64c43c3,147,2,26582,TRUE
aeed8e73-b437-467d-8cf9-b6abb64c43c3,147,3,32708,TRUE
aeed8e73-b437-467d-8cf9-b6abb64c43c3,147,4,25758,TRUE
aeed8e73-b437-467d-8cf9-b6abb64c43c3,147,5,26663,TRUE
aeed8e73-b437-467d-8cf9-b6abb64c43c3,147,6,35776,TRUE
aeed8e73-b437-467d-8cf9-b6abb64c43c3,147,7,31619,TRUE
aeed8e73-b437-467d-8cf9-b6abb64c43c3,147,8,21755,FALSE
51174009-872f-400a-81b9-973b763c5287,149,1,98042,TRUE
51174009-872f-400a-81b9-973b763c5287,149,2,24746,FALSE
51174009-872f-400a-81b9-973b763c5287,149,3,19937,FALSE
51174009-872f-400a-81b9-973b763c5287,149,4,27816,TRUE
51174009-872f-400a-81b9-973b763c5287,149,5,24514,FALSE
51174009-872f-400a-81b9-973b763c5287,149,6,26147,TRUE
51174009-872f-400a-81b9-973b763c5287,149,7,26123,TRUE
51174009-872f-400a-81b9-973b763c5287,149,8,34598,TRUE
598caa4a-a9b9-4cd5-ae6d-e9e8822f60fd,151,1,29248,TRUE
598caa4a-a9b9-4cd5-ae6d-e9e8822f60fd,151,2,48542,TRUE
598caa4a-a9b9-4cd5-ae6d-e9e8822f60fd,151,3,32388,TRUE
598caa4a-a9b9-4cd5-ae6d-e9e8822f60fd,151,4,29313,TRUE
598caa4a-a9b9-4cd5-ae6d-e9e8822f60fd,151,5,27203,TRUE
598caa4a-a9b9-4cd5-ae6d-e9e8822f60fd,151,6,21233,FALSE
598caa4a-a9b9-4cd5-ae6d-e9e8822f60fd,151,7,30766,TRUE
598caa4a-a9b9-4cd5-ae6d-e9e8822f60fd,151,8,24712,FALSE
e166e897-0a0e-40f2-a90d-b238e00e2ff3,153,1,28566,TRUE
e166e897-0a0e-40f2-a90d-b238e00e2ff3,153,2,24945,FALSE
e166e897-0a0e-40f2-a90d-b238e00e2ff3,153,3,20951,FALSE
e166e897-0a0e-40f2-a90d-b238e00e2ff3,153,4,25439,TRUE
e166e897-0a0e-40f2-a90d-b238e00e2ff3,153,5,19789,FALSE
e166e897-0a0e-40f2-a90d-b238e00e2ff3,153,6,20558,FALSE
e166e897-0a0e-40f2-a90d-b238e00e2ff3,153,7,23453,FALSE
e166e897-0a0e-40f2-a90d-b238e00e2ff3,153,8,27579,TRUE
dd0e1423-c4cc-471e-878d-0ae17eb1364b,154,1,37535,TRUE
dd0e1423-c4cc-471e-878d-0ae17eb1364b,154,2,31641,TRUE
dd0e1423-c4cc-471e-878d-0ae17eb1364b,154,3,29925,TRUE
dd0e1423-c4cc-471e-878d-0ae17eb1364b,154,4,27070,TRUE
dd0e1423-c4cc-471e-878d-0ae17eb1364b,154,5,31646,TRUE
dd0e1423-c4cc-471e-878d-0ae17eb1364b,154,6,30841,TRUE
dd0e1423-c4cc-471e-878d-0ae17eb1364b,154,7,30612,TRUE
dd0e1423-c4cc-471e-878d-0ae17eb1364b,154,8,29044,TRUE
53b6bf04-f205-4137-a846-ff0a93e101c7,156,1,21584,FALSE
53b6bf04-f205-4137-a846-ff0a93e101c7,156,2,25401,TRUE
53b6bf04-f205-4137-a846-ff0a93e101c7,156,3,27861,TRUE
53b6bf04-f205-4137-a846-ff0a93e101c7,156,4,42638,TRUE
53b6bf04-f205-4137-a846-ff0a93e101c7,156,5,20608,FALSE
53b6bf04-f205-4137-a846-ff0a93e101c7,156,6,21939,FALSE
53b6bf04-f205-4137-a846-ff0a93e101c7,156,7,19784,FALSE
53b6bf04-f205-4137-a846-ff0a93e101c7,156,8,25234,TRUE
f4df7902-4f4e-4494-889b-8c6ef5fb05db,160,1,37200,TRUE
f4df7902-4f4e-4494-889b-8c6ef5fb05db,160,2,22784,FALSE
f4df7902-4f4e-4494-889b-8c6ef5fb05db,160,3,18365,FALSE
f4df7902-4f4e-4494-889b-8c6ef5fb05db,160,4,16151,FALSE
f4df7902-4f4e-4494-889b-8c6ef5fb05db,160,5,19743,FALSE
f4df7902-4f4e-4494-889b-8c6ef5fb05db,160,6,30632,TRUE
f4df7902-4f4e-4494-889b-8c6ef5fb05db,160,7,16493,FALSE
f4df7902-4f4e-4494-889b-8c6ef5fb05db,160,8,21408,FALSE
52f3ff22-a659-4409-87ff-a9fd28304cf8,175,1,16451,FALSE
52f3ff22-a659-4409-87ff-a9fd28304cf8,175,2,24676,FALSE
52f3ff22-a659-4409-87ff-a9fd28304cf8,175,3,33848,TRUE
52f3ff22-a659-4409-87ff-a9fd28304cf8,175,4,29613,TRUE
52f3ff22-a659-4409-87ff-a9fd28304cf8,175,5,20979,FALSE
52f3ff22-a659-4409-87ff-a9fd28304cf8,175,6,23334,FALSE
52f3ff22-a659-4409-87ff-a9fd28304cf8,175,7,26414,TRUE
52f3ff22-a659-4409-87ff-a9fd28304cf8,175,8,21662,FALSE
236f9293-fa2a-451c-8b22-98bf65ee2b94,178,1,41685,TRUE
236f9293-fa2a-451c-8b22-98bf65ee2b94,178,2,18882,FALSE
236f9293-fa2a-451c-8b22-98bf65ee2b94,178,3,17337,FALSE
236f9293-fa2a-451c-8b22-98bf65ee2b94,178,4,23148,FALSE
236f9293-fa2a-451c-8b22-98bf65ee2b94,178,5,23484,FALSE
236f9293-fa2a-451c-8b22-98bf65ee2b94,178,6,29355,TRUE
236f9293-fa2a-451c-8b22-98bf65ee2b94,178,7,19505,FALSE
236f9293-fa2a-451c-8b22-98bf65ee2b94,178,8,21564,FALSE
1c073ada-a40f-46ea-90c6-04d9b2833354,180,1,41596,TRUE
1c073ada-a40f-46ea-90c6-04d9b2833354,180,2,23787,FALSE
1c073ada-a40f-46ea-90c6-04d9b2833354,180,3,26013,TRUE
1c073ada-a40f-46ea-90c6-04d9b2833354,180,4,23862,FALSE
1c073ada-a40f-46ea-90c6-04d9b2833354,180,5,30599,TRUE
1c073ada-a40f-46ea-90c6-04d9b2833354,180,6,23723,FALSE
1c073ada-a40f-46ea-90c6-04d9b2833354,180,7,22896,FALSE
1c073ada-a40f-46ea-90c6-04d9b2833354,180,8,24276,FALSE
ad6b7b21-7c7f-443b-ab6e-c493925166ed,182,1,16808,FALSE
ad6b7b21-7c7f-443b-ab6e-c493925166ed,182,2,33946,TRUE
ad6b7b21-7c7f-443b-ab6e-c493925166ed,182,3,21110,FALSE
ad6b7b21-7c7f-443b-ab6e-c493925166ed,182,4,20949,FALSE
ad6b7b21-7c7f-443b-ab6e-c493925166ed,182,5,39129,TRUE
ad6b7b21-7c7f-443b-ab6e-c493925166ed,182,6,23293,FALSE
ad6b7b21-7c7f-443b-ab6e-c493925166ed,182,7,24028,FALSE
ad6b7b21-7c7f-443b-ab6e-c493925166ed,182,8,22260,FALSE
3fd6944c-9f62-4a46-8a09-0ff35ffac3e8,183,1,46228,TRUE
3fd6944c-9f62-4a46-8a09-0ff35ffac3e8,183,2,34320,TRUE
3fd6944c-9f62-4a46-8a09-0ff35ffac3e8,183,3,37052,TRUE
3fd6944c-9f62-4a46-8a09-0ff35ffac3e8,183,4,18632,FALSE
3fd6944c-9f62-4a46-8a09-0ff35ffac3e8,183,5,37873,TRUE
3fd6944c-9f62-4a46-8a09-0ff35ffac3e8,183,6,25811,TRUE
3fd6944c-9f62-4a46-8a09-0ff35ffac3e8,183,7,22513,FALSE
3fd6944c-9f62-4a46-8a09-0ff35ffac3e8,183,8,44377,TRUE
4b1d3106-2019-45d2-ba2d-6c7377cd3f1a,185,1,25598,TRUE
4b1d3106-2019-45d2-ba2d-6c7377cd3f1a,185,2,30987,TRUE
4b1d3106-2019-45d2-ba2d-6c7377cd3f1a,185,3,19256,FALSE
4b1d3106-2019-45d2-ba2d-6c7377cd3f1a,185,4,20168,FALSE
4b1d3106-2019-45d2-ba2d-6c7377cd3f1a,185,5,19081,FALSE
4b1d3106-2019-45d2-ba2d-6c7377cd3f1a,185,6,22581,FALSE
4b1d3106-2019-45d2-ba2d-6c7377cd3f1a,185,7,26356,TRUE
4b1d3106-2019-45d2-ba2d-6c7377cd3f1a,185,8,24380,FALSE
a3cdc68e-bc08-4fbb-8dd8-14b0f874884d,191,1,32004,TRUE
a3cdc68e-bc08-4fbb-8dd8-14b0f874884d,191,2,26323,TRUE
a3cdc68e-bc08-4fbb-8dd8-14b0f874884d,191,3,25801,TRUE
a3cdc68e-bc08-4fbb-8dd8-14b0f874884d,191,4,30446,TRUE
a3cdc68e-bc08-4fbb-8dd8-14b0f874884d,191,5,33601,TRUE
a3cdc68e-bc08-4fbb-8dd8-14b0f874884d,191,6,30101,TRUE
a3cdc68e-bc08-4fbb-8dd8-14b0f874884d,191,7,24315,FALSE
a3cdc68e-bc08-4fbb-8dd8-14b0f874884d,191,8,28034,TRUE
8e5cfd30-6b27-4445-9248-7e10052d5337,193,1,33272,TRUE
8e5cfd30-6b27-4445-9248-7e10052d5337,193,2,23735,FALSE
8e5cfd30-6b27-4445-9248-7e10052d5337,193,3,25515,TRUE
8e5cfd30-6b27-4445-9248-7e10052d5337,193,4,27673,TRUE
8e5cfd30-6b27-4445-9248-7e10052d5337,193,5,30667,TRUE
8e5cfd30-6b27-4445-9248-7e10052d5337,193,6,40004,TRUE
8e5cfd30-6b27-4445-9248-7e10052d5337,193,7,26997,TRUE
8e5cfd30-6b27-4445-9248-7e10052d5337,193,8,24841,FALSE
f9394e95-9e7e-46fb-a481-8f02441ac5a3,196,1,60101,TRUE
f9394e95-9e7e-46fb-a481-8f02441ac5a3,196,2,24425,FALSE
f9394e95-9e7e-46fb-a481-8f02441ac5a3,196,3,23030,FALSE
f9394e95-9e7e-46fb-a481-8f02441ac5a3,196,4,24314,FALSE
f9394e95-9e7e-46fb-a481-8f02441ac5a3,196,5,22078,FALSE
f9394e95-9e7e-46fb-a481-8f02441ac5a3,196,6,24695,FALSE
f9394e95-9e7e-46fb-a481-8f02441ac5a3,196,7,24772,FALSE
f9394e95-9e7e-46fb-a481-8f02441ac5a3,196,8,23014,FALSE
d34a1a1f-2247-45c0-bc29-cee9a488648f,198,1,56577,TRUE
d34a1a1f-2247-45c0-bc29-cee9a488648f,198,2,43530,TRUE
d34a1a1f-2247-45c0-bc29-cee9a488648f,198,3,51602,TRUE
d34a1a1f-2247-45c0-bc29-cee9a488648f,198,4,27112,TRUE
d34a1a1f-2247-45c0-bc29-cee9a488648f,198,5,20591,FALSE
d34a1a1f-2247-45c0-bc29-cee9a488648f,198,6,27043,TRUE
d34a1a1f-2247-45c0-bc29-cee9a488648f,198,7,21572,FALSE
d34a1a1f-2247-45c0-bc29-cee9a488648f,198,8,39023,TRUE
40f19707-fb7c-4726-a318-b0a79eaaa83d,200,1,42935,TRUE
40f19707-fb7c-4726-a318-b0a79eaaa83d,200,2,43628,TRUE
40f19707-fb7c-4726-a318-b0a79eaaa83d,200,3,33884,TRUE
40f19707-fb7c-4726-a318-b0a79eaaa83d,200,4,32789,TRUE
40f19707-fb7c-4726-a318-b0a79eaaa83d,200,5,30106,TRUE
40f19707-fb7c-4726-a318-b0a79eaaa83d,200,6,26189,TRUE
40f19707-fb7c-4726-a318-b0a79eaaa83d,200,7,26086,TRUE
40f19707-fb7c-4726-a318-b0a79eaaa83d,200,8,49543,TRUE
6ef0f0d2-8723-48b7-9ce4-3c56a17eff91,202,1,16382,FALSE
6ef0f0d2-8723-48b7-9ce4-3c56a17eff91,202,2,57868,TRUE
6ef0f0d2-8723-48b7-9ce4-3c56a17eff91,202,3,17802,FALSE
6ef0f0d2-8723-48b7-9ce4-3c56a17eff91,202,4,29392,TRUE
6ef0f0d2-8723-48b7-9ce4-3c56a17eff91,202,5,16872,FALSE
6ef0f0d2-8723-48b7-9ce4-3c56a17eff91,202,6,17596,FALSE
6ef0f0d2-8723-48b7-9ce4-3c56a17eff91,202,7,25107,FALSE
6ef0f0d2-8723-48b7-9ce4-3c56a17eff91,202,8,17879,FALSE
321230bd-2168-4c87-9e00-766217ba6392,204,1,41751,TRUE
321230bd-2168-4c87-9e00-766217ba6392,204,2,24266,FALSE
321230bd-2168-4c87-9e00-766217ba6392,204,3,28284,TRUE
321230bd-2168-4c87-9e00-766217ba6392,204,4,30046,TRUE
321230bd-2168-4c87-9e00-766217ba6392,204,5,23887,FALSE
321230bd-2168-4c87-9e00-766217ba6392,204,6,24058,FALSE
321230bd-2168-4c87-9e00-766217ba6392,204,7,25333,TRUE
321230bd-2168-4c87-9e00-766217ba6392,204,8,26703,TRUE
2b225f56-a8ce-4d39-a3ea-a6ab110b312d,208,1,61069,TRUE
2b225f56-a8ce-4d39-a3ea-a6ab110b312d,208,2,40444,TRUE
2b225f56-a8ce-4d39-a3ea-a6ab110b312d,208,3,35111,TRUE
2b225f56-a8ce-4d39-a3ea-a6ab110b312d,208,4,27773,TRUE
2b225f56-a8ce-4d39-a3ea-a6ab110b312d,208,5,33176,TRUE
2b225f56-a8ce-4d39-a3ea-a6ab110b312d,208,6,21561,FALSE
2b225f56-a8ce-4d39-a3ea-a6ab110b312d,208,7,28459,TRUE
2b225f56-a8ce-4d39-a3ea-a6ab110b312d,208,8,23975,FALSE
451eb6f0-88dc-4328-ad18-b54915accbda,210,1,102504,TRUE
451eb6f0-88dc-4328-ad18-b54915accbda,210,2,51670,TRUE
451eb6f0-88dc-4328-ad18-b54915accbda,210,3,65070,TRUE
451eb6f0-88dc-4328-ad18-b54915accbda,210,4,46684,TRUE
451eb6f0-88dc-4328-ad18-b54915accbda,210,5,35479,TRUE
451eb6f0-88dc-4328-ad18-b54915accbda,210,6,29355,TRUE
451eb6f0-88dc-4328-ad18-b54915accbda,210,7,34686,TRUE
451eb6f0-88dc-4328-ad18-b54915accbda,210,8,31194,TRUE
eb707c4f-f1dd-4760-bae2-b4ffc9467309,212,1,53767,TRUE
eb707c4f-f1dd-4760-bae2-b4ffc9467309,212,2,37764,TRUE
eb707c4f-f1dd-4760-bae2-b4ffc9467309,212,3,40862,TRUE
eb707c4f-f1dd-4760-bae2-b4ffc9467309,212,4,22657,FALSE
eb707c4f-f1dd-4760-bae2-b4ffc9467309,212,5,22859,FALSE
eb707c4f-f1dd-4760-bae2-b4ffc9467309,212,6,24999,FALSE
eb707c4f-f1dd-4760-bae2-b4ffc9467309,212,7,24046,FALSE
eb707c4f-f1dd-4760-bae2-b4ffc9467309,212,8,25935,TRUE
75d0cf07-3be4-433b-9b8c-b0e9158220e9,218,1,29829,TRUE
75d0cf07-3be4-433b-9b8c-b0e9158220e9,218,2,28438,TRUE
75d0cf07-3be4-433b-9b8c-b0e9158220e9,218,3,24594,FALSE
75d0cf07-3be4-433b-9b8c-b0e9158220e9,218,4,25663,TRUE
75d0cf07-3be4-433b-9b8c-b0e9158220e9,218,5,31484,TRUE
75d0cf07-3be4-433b-9b8c-b0e9158220e9,218,6,24753,FALSE
75d0cf07-3be4-433b-9b8c-b0e9158220e9,218,7,26234,TRUE
75d0cf07-3be4-433b-9b8c-b0e9158220e9,218,8,29026,TRUE
8b2c27e6-81dc-4bc0-9a3c-1d5650c2e42f,221,1,29064,TRUE
8b2c27e6-81dc-4bc0-9a3c-1d5650c2e42f,221,2,19201,FALSE
8b2c27e6-81dc-4bc0-9a3c-1d5650c2e42f,221,3,25666,TRUE
8b2c27e6-81dc-4bc0-9a3c-1d5650c2e42f,221,4,23620,FALSE
8b2c27e6-81dc-4bc0-9a3c-1d5650c2e42f,221,5,23273,FALSE
8b2c27e6-81dc-4bc0-9a3c-1d5650c2e42f,221,6,23586,FALSE
8b2c27e6-81dc-4bc0-9a3c-1d5650c2e42f,221,7,23753,FALSE
8b2c27e6-81dc-4bc0-9a3c-1d5650c2e42f,221,8,17856,FALSE
f871bf1b-4a45-4dc3-a9bc-b9e69f875088,222,1,24584,FALSE
f871bf1b-4a45-4dc3-a9bc-b9e69f875088,222,2,22470,FALSE
f871bf1b-4a45-4dc3-a9bc-b9e69f875088,222,3,25027,FALSE
f871bf1b-4a45-4dc3-a9bc-b9e69f875088,222,4,25832,TRUE
f871bf1b-4a45-4dc3-a9bc-b9e69f875088,222,5,24127,FALSE
f871bf1b-4a45-4dc3-a9bc-b9e69f875088,222,6,26228,TRUE
f871bf1b-4a45-4dc3-a9bc-b9e69f875088,222,7,24182,FALSE
f871bf1b-4a45-4dc3-a9bc-b9e69f875088,222,8,22956,FALSE
90f046b4-26a3-485d-b3b7-ba9df66b28cd,224,1,40019,TRUE
90f046b4-26a3-485d-b3b7-ba9df66b28cd,224,2,27042,TRUE
90f046b4-26a3-485d-b3b7-ba9df66b28cd,224,3,29244,TRUE
90f046b4-26a3-485d-b3b7-ba9df66b28cd,224,4,19638,FALSE
90f046b4-26a3-485d-b3b7-ba9df66b28cd,224,5,35433,TRUE
90f046b4-26a3-485d-b3b7-ba9df66b28cd,224,6,30396,TRUE
90f046b4-26a3-485d-b3b7-ba9df66b28cd,224,7,24208,FALSE
90f046b4-26a3-485d-b3b7-ba9df66b28cd,224,8,27331,TRUE
57bed392-a31f-45f3-8cab-fdcfb5b9413a,226,1,30066,TRUE
57bed392-a31f-45f3-8cab-fdcfb5b9413a,226,2,23192,FALSE
57bed392-a31f-45f3-8cab-fdcfb5b9413a,226,3,28264,TRUE
57bed392-a31f-45f3-8cab-fdcfb5b9413a,226,4,21035,FALSE
57bed392-a31f-45f3-8cab-fdcfb5b9413a,226,5,26196,TRUE
57bed392-a31f-45f3-8cab-fdcfb5b9413a,226,6,21317,FALSE
57bed392-a31f-45f3-8cab-fdcfb5b9413a,226,7,25722,TRUE
57bed392-a31f-45f3-8cab-fdcfb5b9413a,226,8,27936,TRUE
ab33c3c1-8c66-4823-8362-048acfeb3364,232,1,28280,TRUE
ab33c3c1-8c66-4823-8362-048acfeb3364,232,2,44382,TRUE
ab33c3c1-8c66-4823-8362-048acfeb3364,232,3,23797,FALSE
ab33c3c1-8c66-4823-8362-048acfeb3364,232,4,27338,TRUE
ab33c3c1-8c66-4823-8362-048acfeb3364,232,5,23373,FALSE
ab33c3c1-8c66-4823-8362-048acfeb3364,232,6,27457,TRUE
ab33c3c1-8c66-4823-8362-048acfeb3364,232,7,18370,FALSE
ab33c3c1-8c66-4823-8362-048acfeb3364,232,8,21394,FALSE
f68be867-bc5e-4345-b8c9-efed0fb0938e,234,1,27758,TRUE
f68be867-bc5e-4345-b8c9-efed0fb0938e,234,2,23138,FALSE
f68be867-bc5e-4345-b8c9-efed0fb0938e,234,3,33435,TRUE
f68be867-bc5e-4345-b8c9-efed0fb0938e,234,4,25903,TRUE
f68be867-bc5e-4345-b8c9-efed0fb0938e,234,5,37509,TRUE
f68be867-bc5e-4345-b8c9-efed0fb0938e,234,6,29040,TRUE
f68be867-bc5e-4345-b8c9-efed0fb0938e,234,7,27409,TRUE
f68be867-bc5e-4345-b8c9-efed0fb0938e,234,8,33104,TRUE
d44753f5-bbcb-455c-9f11-7ceb24a37bc3,235,1,21252,FALSE
d44753f5-bbcb-455c-9f11-7ceb24a37bc3,235,2,22005,FALSE
d44753f5-bbcb-455c-9f11-7ceb24a37bc3,235,3,22518,FALSE
d44753f5-bbcb-455c-9f11-7ceb24a37bc3,235,4,19547,FALSE
d44753f5-bbcb-455c-9f11-7ceb24a37bc3,235,5,24210,FALSE
d44753f5-bbcb-455c-9f11-7ceb24a37bc3,235,6,23423,FALSE
d44753f5-bbcb-455c-9f11-7ceb24a37bc3,235,7,27803,TRUE
d44753f5-bbcb-455c-9f11-7ceb24a37bc3,235,8,22467,FALSE
6a13fe52-8911-4068-917f-9ec805d7c6d9,238,1,33219,TRUE
6a13fe52-8911-4068-917f-9ec805d7c6d9,238,2,28333,TRUE
6a13fe52-8911-4068-917f-9ec805d7c6d9,238,3,21522,FALSE
6a13fe52-8911-4068-917f-9ec805d7c6d9,238,4,31319,TRUE
6a13fe52-8911-4068-917f-9ec805d7c6d9,238,5,24454,FALSE
6a13fe52-8911-4068-917f-9ec805d7c6d9,238,6,31666,TRUE
6a13fe52-8911-4068-917f-9ec805d7c6d9,238,7,27801,TRUE
6a13fe52-8911-4068-917f-9ec805d7c6d9,238,8,23846,FALSE
501f5f9f-b661-4cbd-80c3-c763afc51b68,243,1,30719,TRUE
501f5f9f-b661-4cbd-80c3-c763afc51b68,243,2,31941,TRUE
501f5f9f-b661-4cbd-80c3-c763afc51b68,243,3,28055,TRUE
501f5f9f-b661-4cbd-80c3-c763afc51b68,243,4,21349,FALSE
501f5f9f-b661-4cbd-80c3-c763afc51b68,243,5,23943,FALSE
501f5f9f-b661-4cbd-80c3-c763afc51b68,243,6,25345,TRUE
501f5f9f-b661-4cbd-80c3-c763afc51b68,243,7,23654,FALSE
501f5f9f-b661-4cbd-80c3-c763afc51b68,243,8,20617,FALSE
be464354-03f8-4f50-9c5f-4540d38006f4,250,1,22916,FALSE
be464354-03f8-4f50-9c5f-4540d38006f4,250,2,19387,FALSE
be464354-03f8-4f50-9c5f-4540d38006f4,250,3,20200,FALSE
be464354-03f8-4f50-9c5f-4540d38006f4,250,4,27400,TRUE
be464354-03f8-4f50-9c5f-4540d38006f4,250,5,14513,FALSE
be464354-03f8-4f50-9c5f-4540d38006f4,250,6,20654,FALSE
be464354-03f8-4f50-9c5f-4540d38006f4,250,7,23093,FALSE
be464354-03f8-4f50-9c5f-4540d38006f4,250,8,17934,FALSE
7b41a2ef-3528-48b4-af51-317cd7aa7663,253,1,28269,TRUE
7b41a2ef-3528-48b4-af51-317cd7aa7663,253,2,17938,FALSE
7b41a2ef-3528-48b4-af51-317cd7aa7663,253,3,25021,FALSE
7b41a2ef-3528-48b4-af51-317cd7aa7663,253,4,25505,TRUE
7b41a2ef-3528-48b4-af51-317cd7aa7663,253,5,22436,FALSE
7b41a2ef-3528-48b4-af51-317cd7aa7663,253,6,25121,FALSE
7b41a2ef-3528-48b4-af51-317cd7aa7663,253,7,22898,FALSE
7b41a2ef-3528-48b4-af51-317cd7aa7663,253,8,26710,TRUE
f0e8109f-5957-468c-9961-d7a7741efc02,255,1,42245,TRUE
f0e8109f-5957-468c-9961-d7a7741efc02,255,2,29489,TRUE
f0e8109f-5957-468c-9961-d7a7741efc02,255,3,57528,TRUE
f0e8109f-5957-468c-9961-d7a7741efc02,255,4,28668,TRUE
f0e8109f-5957-468c-9961-d7a7741efc02,255,5,24120,FALSE
f0e8109f-5957-468c-9961-d7a7741efc02,255,6,29306,TRUE
f0e8109f-5957-468c-9961-d7a7741efc02,255,7,25290,TRUE
f0e8109f-5957-468c-9961-d7a7741efc02,255,8,21621,FALSE
a4dd9e9a-eb01-4682-a3fb-583a16c2b283,257,1,58343,TRUE
a4dd9e9a-eb01-4682-a3fb-583a16c2b283,257,2,36488,TRUE
a4dd9e9a-eb01-4682-a3fb-583a16c2b283,257,3,27518,TRUE
a4dd9e9a-eb01-4682-a3fb-583a16c2b283,257,4,32482,TRUE
a4dd9e9a-eb01-4682-a3fb-583a16c2b283,257,5,31181,TRUE
a4dd9e9a-eb01-4682-a3fb-583a16c2b283,257,6,21549,FALSE
a4dd9e9a-eb01-4682-a3fb-583a16c2b283,257,7,23202,FALSE
a4dd9e9a-eb01-4682-a3fb-583a16c2b283,257,8,25725,TRUE
444a8c82-4c3f-4304-9005-f2c9f868f76a,259,1,36428,TRUE
444a8c82-4c3f-4304-9005-f2c9f868f76a,259,2,39716,TRUE
444a8c82-4c3f-4304-9005-f2c9f868f76a,259,3,24777,FALSE
444a8c82-4c3f-4304-9005-f2c9f868f76a,259,4,20613,FALSE
444a8c82-4c3f-4304-9005-f2c9f868f76a,259,5,17823,FALSE
444a8c82-4c3f-4304-9005-f2c9f868f76a,259,6,17671,FALSE
444a8c82-4c3f-4304-9005-f2c9f868f76a,259,7,16765,FALSE
444a8c82-4c3f-4304-9005-f2c9f868f76a,259,8,16485,FALSE
63e265a2-b480-4d9b-b4ec-ea7d438cd227,261,1,26321,TRUE
63e265a2-b480-4d9b-b4ec-ea7d438cd227,261,2,35149,TRUE
63e265a2-b480-4d9b-b4ec-ea7d438cd227,261,3,20814,FALSE
63e265a2-b480-4d9b-b4ec-ea7d438cd227,261,4,21981,FALSE
63e265a2-b480-4d9b-b4ec-ea7d438cd227,261,5,23830,FALSE
63e265a2-b480-4d9b-b4ec-ea7d438cd227,261,6,26357,TRUE
63e265a2-b480-4d9b-b4ec-ea7d438cd227,261,7,19714,FALSE
63e265a2-b480-4d9b-b4ec-ea7d438cd227,261,8,23292,FALSE
ccea4046-e4cc-48b8-8cfd-d746ae18b558,263,1,97737,TRUE
ccea4046-e4cc-48b8-8cfd-d746ae18b558,263,2,17948,FALSE
ccea4046-e4cc-48b8-8cfd-d746ae18b558,263,3,21914,FALSE
ccea4046-e4cc-48b8-8cfd-d746ae18b558,263,4,18503,FALSE
ccea4046-e4cc-48b8-8cfd-d746ae18b558,263,5,19344,FALSE
ccea4046-e4cc-48b8-8cfd-d746ae18b558,263,6,19582,FALSE
ccea4046-e4cc-48b8-8cfd-d746ae18b558,263,7,16711,FALSE
ccea4046-e4cc-48b8-8cfd-d746ae18b558,263,8,15356,FALSE
64499f48-c64b-4686-971b-ab813a990789,268,1,34391,TRUE
64499f48-c64b-4686-971b-ab813a990789,268,2,14604,FALSE
64499f48-c64b-4686-971b-ab813a990789,268,3,15616,FALSE
64499f48-c64b-4686-971b-ab813a990789,268,4,16569,FALSE
64499f48-c64b-4686-971b-ab813a990789,268,5,23512,FALSE
64499f48-c64b-4686-971b-ab813a990789,268,6,18486,FALSE
64499f48-c64b-4686-971b-ab813a990789,268,7,20554,FALSE
64499f48-c64b-4686-971b-ab813a990789,268,8,17717,FALSE
aa11e4ec-dc5c-42fe-b7d0-c96d6fa0a1ef,270,1,33673,TRUE
aa11e4ec-dc5c-42fe-b7d0-c96d6fa0a1ef,270,2,43349,TRUE
aa11e4ec-dc5c-42fe-b7d0-c96d6fa0a1ef,270,3,25919,TRUE
aa11e4ec-dc5c-42fe-b7d0-c96d6fa0a1ef,270,4,29812,TRUE
aa11e4ec-dc5c-42fe-b7d0-c96d6fa0a1ef,270,5,22980,FALSE
aa11e4ec-dc5c-42fe-b7d0-c96d6fa0a1ef,270,6,22851,FALSE
aa11e4ec-dc5c-42fe-b7d0-c96d6fa0a1ef,270,7,21150,FALSE
aa11e4ec-dc5c-42fe-b7d0-c96d6fa0a1ef,270,8,20423,FALSE
21f8f1d5-014e-48f7-a030-131c1a860b4f,275,1,56947,TRUE
21f8f1d5-014e-48f7-a030-131c1a860b4f,275,2,28490,TRUE
21f8f1d5-014e-48f7-a030-131c1a860b4f,275,3,22852,FALSE
21f8f1d5-014e-48f7-a030-131c1a860b4f,275,4,22797,FALSE
21f8f1d5-014e-48f7-a030-131c1a860b4f,275,5,25397,TRUE
21f8f1d5-014e-48f7-a030-131c1a860b4f,275,6,28551,TRUE
21f8f1d5-014e-48f7-a030-131c1a860b4f,275,7,24618,FALSE
21f8f1d5-014e-48f7-a030-131c1a860b4f,275,8,23645,FALSE
ba30d81e-5183-4ead-a112-d6806f777c71,278,1,58034,TRUE
ba30d81e-5183-4ead-a112-d6806f777c71,278,2,94063,TRUE
ba30d81e-5183-4ead-a112-d6806f777c71,278,3,43188,TRUE
ba30d81e-5183-4ead-a112-d6806f777c71,278,4,46732,TRUE
ba30d81e-5183-4ead-a112-d6806f777c71,278,5,25872,TRUE
ba30d81e-5183-4ead-a112-d6806f777c71,278,6,32597,TRUE
ba30d81e-5183-4ead-a112-d6806f777c71,278,7,22877,FALSE
ba30d81e-5183-4ead-a112-d6806f777c71,278,8,29948,TRUE
056c9112-3634-4eed-a0a4-a841e05e8994,280,1,44249,TRUE
056c9112-3634-4eed-a0a4-a841e05e8994,280,2,24366,FALSE
056c9112-3634-4eed-a0a4-a841e05e8994,280,3,31228,TRUE
056c9112-3634-4eed-a0a4-a841e05e8994,280,4,31237,TRUE
056c9112-3634-4eed-a0a4-a841e05e8994,280,5,18194,FALSE
056c9112-3634-4eed-a0a4-a841e05e8994,280,6,18418,FALSE
056c9112-3634-4eed-a0a4-a841e05e8994,280,7,26077,TRUE
056c9112-3634-4eed-a0a4-a841e05e8994,280,8,17150,FALSE
ddadde87-ae75-4f34-8aeb-02756e3cd256,282,1,46777,TRUE
ddadde87-ae75-4f34-8aeb-02756e3cd256,282,2,24598,FALSE
ddadde87-ae75-4f34-8aeb-02756e3cd256,282,3,25462,TRUE
ddadde87-ae75-4f34-8aeb-02756e3cd256,282,4,22781,FALSE
ddadde87-ae75-4f34-8aeb-02756e3cd256,282,5,21102,FALSE
ddadde87-ae75-4f34-8aeb-02756e3cd256,282,6,23056,FALSE
ddadde87-ae75-4f34-8aeb-02756e3cd256,282,7,20617,FALSE
ddadde87-ae75-4f34-8aeb-02756e3cd256,282,8,21739,FALSE
a3770b31-4899-46cc-8f78-6ea4f4ce0049,285,1,22455,FALSE
a3770b31-4899-46cc-8f78-6ea4f4ce0049,285,2,20625,FALSE
a3770b31-4899-46cc-8f78-6ea4f4ce0049,285,3,21016,FALSE
a3770b31-4899-46cc-8f78-6ea4f4ce0049,285,4,19639,FALSE
a3770b31-4899-46cc-8f78-6ea4f4ce0049,285,5,23351,FALSE
a3770b31-4899-46cc-8f78-6ea4f4ce0049,285,6,18833,FALSE
a3770b31-4899-46cc-8f78-6ea4f4ce0049,285,7,13747,FALSE
a3770b31-4899-46cc-8f78-6ea4f4ce0049,285,8,18199,FALSE
282471d7-5fa6-4b4d-b099-cdde6cb13b66,287,1,25605,TRUE
282471d7-5fa6-4b4d-b099-cdde6cb13b66,287,2,20162,FALSE
282471d7-5fa6-4b4d-b099-cdde6cb13b66,287,3,27151,TRUE
282471d7-5fa6-4b4d-b099-cdde6cb13b66,287,4,20722,FALSE
282471d7-5fa6-4b4d-b099-cdde6cb13b66,287,5,22438,FALSE
282471d7-5fa6-4b4d-b099-cdde6cb13b66,287,6,22683,FALSE
282471d7-5fa6-4b4d-b099-cdde6cb13b66,287,7,23133,FALSE
282471d7-5fa6-4b4d-b099-cdde6cb13b66,287,8,23227,FALSE
f91e2010-01aa-4c8a-a008-16231b9b229a,290,1,39946,TRUE
f91e2010-01aa-4c8a-a008-16231b9b229a,290,2,36818,TRUE
f91e2010-01aa-4c8a-a008-16231b9b229a,290,3,22962,FALSE
f91e2010-01aa-4c8a-a008-16231b9b229a,290,4,36391,TRUE
f91e2010-01aa-4c8a-a008-16231b9b229a,290,5,22257,FALSE
f91e2010-01aa-4c8a-a008-16231b9b229a,290,6,30394,TRUE
f91e2010-01aa-4c8a-a008-16231b9b229a,290,7,23931,FALSE
f91e2010-01aa-4c8a-a008-16231b9b229a,290,8,27309,TRUE
5fef58e5-ecc6-476c-ae26-86bc39778ff8,292,1,45009,TRUE
5fef58e5-ecc6-476c-ae26-86bc39778ff8,292,2,23177,FALSE
5fef58e5-ecc6-476c-ae26-86bc39778ff8,292,3,25225,TRUE
5fef58e5-ecc6-476c-ae26-86bc39778ff8,292,4,19683,FALSE
5fef58e5-ecc6-476c-ae26-86bc39778ff8,292,5,28690,TRUE
5fef58e5-ecc6-476c-ae26-86bc39778ff8,292,6,29201,TRUE
5fef58e5-ecc6-476c-ae26-86bc39778ff8,292,7,27917,TRUE
5fef58e5-ecc6-476c-ae26-86bc39778ff8,292,8,22772,FALSE
3b12fa00-fc5c-44d4-b146-ff8ef9c738e5,295,1,32720,TRUE
3b12fa00-fc5c-44d4-b146-ff8ef9c738e5,295,2,23748,FALSE
3b12fa00-fc5c-44d4-b146-ff8ef9c738e5,295,3,27433,TRUE
3b12fa00-fc5c-44d4-b146-ff8ef9c738e5,295,4,20624,FALSE
3b12fa00-fc5c-44d4-b146-ff8ef9c738e5,295,5,22093,FALSE
3b12fa00-fc5c-44d4-b146-ff8ef9c738e5,295,6,23790,FALSE
3b12fa00-fc5c-44d4-b146-ff8ef9c738e5,295,7,23984,FALSE
3b12fa00-fc5c-44d4-b146-ff8ef9c738e5,295,8,24604,FALSE
044210d6-217c-4dda-8e5d-5d9fd209c50a,297,1,61270,TRUE
044210d6-217c-4dda-8e5d-5d9fd209c50a,297,2,37154,TRUE
044210d6-217c-4dda-8e5d-5d9fd209c50a,297,3,31738,TRUE
044210d6-217c-4dda-8e5d-5d9fd209c50a,297,4,46820,TRUE
044210d6-217c-4dda-8e5d-5d9fd209c50a,297,5,36299,TRUE
044210d6-217c-4dda-8e5d-5d9fd209c50a,297,6,41214,TRUE
044210d6-217c-4dda-8e5d-5d9fd209c50a,297,7,40528,TRUE
044210d6-217c-4dda-8e5d-5d9fd209c50a,297,8,36492,TRUE
f4fa0566-622e-44c2-a500-d4f469acb9b8,299,1,48345,TRUE
f4fa0566-622e-44c2-a500-d4f469acb9b8,299,2,52543,TRUE
f4fa0566-622e-44c2-a500-d4f469acb9b8,299,3,43258,TRUE
f4fa0566-622e-44c2-a500-d4f469acb9b8,299,4,51726,TRUE
f4fa0566-622e-44c2-a500-d4f469acb9b8,299,5,52339,TRUE
f4fa0566-622e-44c2-a500-d4f469acb9b8,299,6,53564,TRUE
f4fa0566-622e-44c2-a500-d4f469acb9b8,299,7,39779,TRUE
f4fa0566-622e-44c2-a500-d4f469acb9b8,299,8,63240,TRUE
555d878a-f609-4dbb-818f-b479106eba56,302,1,41713,TRUE
555d878a-f609-4dbb-818f-b479106eba56,302,2,25576,TRUE
555d878a-f609-4dbb-818f-b479106eba56,302,3,27715,TRUE
555d878a-f609-4dbb-818f-b479106eba56,302,4,32424,TRUE
555d878a-f609-4dbb-818f-b479106eba56,302,5,26419,TRUE
555d878a-f609-4dbb-818f-b479106eba56,302,6,23484,FALSE
555d878a-f609-4dbb-818f-b479106eba56,302,7,27650,TRUE
555d878a-f609-4dbb-818f-b479106eba56,302,8,27001,TRUE
bc8648d0-0a97-4cd3-9eed-2529f2ee82f6,305,1,21856,FALSE
bc8648d0-0a97-4cd3-9eed-2529f2ee82f6,305,2,27037,TRUE
bc8648d0-0a97-4cd3-9eed-2529f2ee82f6,305,3,26831,TRUE
bc8648d0-0a97-4cd3-9eed-2529f2ee82f6,305,4,23593,FALSE
bc8648d0-0a97-4cd3-9eed-2529f2ee82f6,305,5,23324,FALSE
bc8648d0-0a97-4cd3-9eed-2529f2ee82f6,305,6,24780,FALSE
bc8648d0-0a97-4cd3-9eed-2529f2ee82f6,305,7,24392,FALSE
bc8648d0-0a97-4cd3-9eed-2529f2ee82f6,305,8,27575,TRUE
f5bd6d33-a270-431f-92fa-18f4a732874d,307,1,54100,TRUE
f5bd6d33-a270-431f-92fa-18f4a732874d,307,2,37749,TRUE
f5bd6d33-a270-431f-92fa-18f4a732874d,307,3,27379,TRUE
f5bd6d33-a270-431f-92fa-18f4a732874d,307,4,29485,TRUE
f5bd6d33-a270-431f-92fa-18f4a732874d,307,5,23203,FALSE
f5bd6d33-a270-431f-92fa-18f4a732874d,307,6,24622,FALSE
f5bd6d33-a270-431f-92fa-18f4a732874d,307,7,23960,FALSE
f5bd6d33-a270-431f-92fa-18f4a732874d,307,8,28907,TRUE
53b83e70-db3b-471b-a6e7-3c9b195a566e,309,1,20010,FALSE
53b83e70-db3b-471b-a6e7-3c9b195a566e,309,2,28074,TRUE
53b83e70-db3b-471b-a6e7-3c9b195a566e,309,3,22812,FALSE
53b83e70-db3b-471b-a6e7-3c9b195a566e,309,4,24290,FALSE
53b83e70-db3b-471b-a6e7-3c9b195a566e,309,5,25030,FALSE
53b83e70-db3b-471b-a6e7-3c9b195a566e,309,6,26794,TRUE
53b83e70-db3b-471b-a6e7-3c9b195a566e,309,7,22762,FALSE
53b83e70-db3b-471b-a6e7-3c9b195a566e,309,8,22415,FALSE
d25db4c0-aab3-48da-9359-91bdf2ba0e10,310,1,26046,TRUE
d25db4c0-aab3-48da-9359-91bdf2ba0e10,310,2,39577,TRUE
d25db4c0-aab3-48da-9359-91bdf2ba0e10,310,3,26735,TRUE
d25db4c0-aab3-48da-9359-91bdf2ba0e10,310,4,39050,TRUE
d25db4c0-aab3-48da-9359-91bdf2ba0e10,310,5,34599,TRUE
d25db4c0-aab3-48da-9359-91bdf2ba0e10,310,6,24199,FALSE
d25db4c0-aab3-48da-9359-91bdf2ba0e10,310,7,28703,TRUE
d25db4c0-aab3-48da-9359-91bdf2ba0e10,310,8,37837,TRUE
3d864ac8-681a-4c76-858b-2f48cc708b88,312,1,83707,TRUE
3d864ac8-681a-4c76-858b-2f48cc708b88,312,2,23304,FALSE
3d864ac8-681a-4c76-858b-2f48cc708b88,312,3,30306,TRUE
3d864ac8-681a-4c76-858b-2f48cc708b88,312,4,83208,TRUE
3d864ac8-681a-4c76-858b-2f48cc708b88,312,5,25210,TRUE
3d864ac8-681a-4c76-858b-2f48cc708b88,312,6,26372,TRUE
3d864ac8-681a-4c76-858b-2f48cc708b88,312,7,34642,TRUE
3d864ac8-681a-4c76-858b-2f48cc708b88,312,8,22633,FALSE
7f4e7d50-40d8-4fc3-94a1-deab08711d8f,315,1,59019,TRUE
7f4e7d50-40d8-4fc3-94a1-deab08711d8f,315,2,35091,TRUE
7f4e7d50-40d8-4fc3-94a1-deab08711d8f,315,3,28908,TRUE
7f4e7d50-40d8-4fc3-94a1-deab08711d8f,315,4,24494,FALSE
7f4e7d50-40d8-4fc3-94a1-deab08711d8f,315,5,19717,FALSE
7f4e7d50-40d8-4fc3-94a1-deab08711d8f,315,6,23436,FALSE
7f4e7d50-40d8-4fc3-94a1-deab08711d8f,315,7,24813,FALSE
7f4e7d50-40d8-4fc3-94a1-deab08711d8f,315,8,25097,FALSE
b518dc9f-fb7c-410e-bf32-7a2d1f21f4a0,317,1,77224,TRUE
b518dc9f-fb7c-410e-bf32-7a2d1f21f4a0,317,2,52121,TRUE
b518dc9f-fb7c-410e-bf32-7a2d1f21f4a0,317,3,22424,FALSE
b518dc9f-fb7c-410e-bf32-7a2d1f21f4a0,317,4,27696,TRUE
b518dc9f-fb7c-410e-bf32-7a2d1f21f4a0,317,5,22931,FALSE
b518dc9f-fb7c-410e-bf32-7a2d1f21f4a0,317,6,26891,TRUE
b518dc9f-fb7c-410e-bf32-7a2d1f21f4a0,317,7,23924,FALSE
b518dc9f-fb7c-410e-bf32-7a2d1f21f4a0,317,8,21579,FALSE
4effd30d-d6f6-4b50-a679-d8acd6da20d2,319,1,40736,TRUE
4effd30d-d6f6-4b50-a679-d8acd6da20d2,319,2,25868,TRUE
4effd30d-d6f6-4b50-a679-d8acd6da20d2,319,3,24349,FALSE
4effd30d-d6f6-4b50-a679-d8acd6da20d2,319,4,29047,TRUE
4effd30d-d6f6-4b50-a679-d8acd6da20d2,319,5,27768,TRUE
4effd30d-d6f6-4b50-a679-d8acd6da20d2,319,6,26166,TRUE
4effd30d-d6f6-4b50-a679-d8acd6da20d2,319,7,34346,TRUE
4effd30d-d6f6-4b50-a679-d8acd6da20d2,319,8,33796,TRUE
7ef06bc4-08c1-4ada-b722-7d831975c052,321,1,36985,TRUE
7ef06bc4-08c1-4ada-b722-7d831975c052,321,2,27212,TRUE
7ef06bc4-08c1-4ada-b722-7d831975c052,321,3,25865,TRUE
7ef06bc4-08c1-4ada-b722-7d831975c052,321,4,19951,FALSE
7ef06bc4-08c1-4ada-b722-7d831975c052,321,5,17546,FALSE
7ef06bc4-08c1-4ada-b722-7d831975c052,321,6,31724,TRUE
7ef06bc4-08c1-4ada-b722-7d831975c052,321,7,17108,FALSE
7ef06bc4-08c1-4ada-b722-7d831975c052,321,8,18629,FALSE
f89330bb-6c1c-41f3-996b-de6cde961137,323,1,150954,TRUE
f89330bb-6c1c-41f3-996b-de6cde961137,323,2,28543,TRUE
f89330bb-6c1c-41f3-996b-de6cde961137,323,3,41912,TRUE
f89330bb-6c1c-41f3-996b-de6cde961137,323,4,16950,FALSE
f89330bb-6c1c-41f3-996b-de6cde961137,323,5,20502,FALSE
f89330bb-6c1c-41f3-996b-de6cde961137,323,6,26058,TRUE
f89330bb-6c1c-41f3-996b-de6cde961137,323,7,19930,FALSE
f89330bb-6c1c-41f3-996b-de6cde961137,323,8,24966,FALSE
95b21436-54af-479e-ab12-7fdd0ded06db,327,1,50386,TRUE
95b21436-54af-479e-ab12-7fdd0ded06db,327,2,24330,FALSE
95b21436-54af-479e-ab12-7fdd0ded06db,327,3,22025,FALSE
95b21436-54af-479e-ab12-7fdd0ded06db,327,4,22904,FALSE
95b21436-54af-479e-ab12-7fdd0ded06db,327,5,21272,FALSE
95b21436-54af-479e-ab12-7fdd0ded06db,327,6,24030,FALSE
95b21436-54af-479e-ab12-7fdd0ded06db,327,7,25819,TRUE
95b21436-54af-479e-ab12-7fdd0ded06db,327,8,23981,FALSE
4065db8a-36ee-44f2-9aa9-0c5b724dcecc,329,1,42783,TRUE
4065db8a-36ee-44f2-9aa9-0c5b724dcecc,329,2,27575,TRUE
4065db8a-36ee-44f2-9aa9-0c5b724dcecc,329,3,23569,FALSE
4065db8a-36ee-44f2-9aa9-0c5b724dcecc,329,4,23352,FALSE
4065db8a-36ee-44f2-9aa9-0c5b724dcecc,329,5,24598,FALSE
4065db8a-36ee-44f2-9aa9-0c5b724dcecc,329,6,22829,FALSE
4065db8a-36ee-44f2-9aa9-0c5b724dcecc,329,7,32111,TRUE
4065db8a-36ee-44f2-9aa9-0c5b724dcecc,329,8,25087,FALSE
656fe22b-4ab8-4518-9e0d-7961bcbc1ac8,331,1,41412,TRUE
656fe22b-4ab8-4518-9e0d-7961bcbc1ac8,331,2,21445,FALSE
656fe22b-4ab8-4518-9e0d-7961bcbc1ac8,331,3,28437,TRUE
656fe22b-4ab8-4518-9e0d-7961bcbc1ac8,331,4,26384,TRUE
656fe22b-4ab8-4518-9e0d-7961bcbc1ac8,331,5,27301,TRUE
656fe22b-4ab8-4518-9e0d-7961bcbc1ac8,331,6,27019,TRUE
656fe22b-4ab8-4518-9e0d-7961bcbc1ac8,331,7,24767,FALSE
656fe22b-4ab8-4518-9e0d-7961bcbc1ac8,331,8,15937,FALSE
5afe9c74-9fde-4c03-835d-8001f69792c3,334,1,32416,TRUE
5afe9c74-9fde-4c03-835d-8001f69792c3,334,2,13749,FALSE
5afe9c74-9fde-4c03-835d-8001f69792c3,334,3,19954,FALSE
5afe9c74-9fde-4c03-835d-8001f69792c3,334,4,20206,FALSE
5afe9c74-9fde-4c03-835d-8001f69792c3,334,5,15527,FALSE
5afe9c74-9fde-4c03-835d-8001f69792c3,334,6,18329,FALSE
5afe9c74-9fde-4c03-835d-8001f69792c3,334,7,11117,FALSE
5afe9c74-9fde-4c03-835d-8001f69792c3,334,8,13055,FALSE
50fe0a5f-fe3a-4866-a126-70df931d0975,336,1,23134,FALSE
50fe0a5f-fe3a-4866-a126-70df931d0975,336,2,22420,FALSE
50fe0a5f-fe3a-4866-a126-70df931d0975,336,3,19195,FALSE
50fe0a5f-fe3a-4866-a126-70df931d0975,336,4,17356,FALSE
50fe0a5f-fe3a-4866-a126-70df931d0975,336,5,19537,FALSE
50fe0a5f-fe3a-4866-a126-70df931d0975,336,6,19699,FALSE
50fe0a5f-fe3a-4866-a126-70df931d0975,336,7,20330,FALSE
50fe0a5f-fe3a-4866-a126-70df931d0975,336,8,33781,TRUE
36494a82-a899-4ac0-bdce-1da9eec5bd2c,341,1,9390,FALSE
36494a82-a899-4ac0-bdce-1da9eec5bd2c,341,2,14071,FALSE
36494a82-a899-4ac0-bdce-1da9eec5bd2c,341,3,8456,FALSE
36494a82-a899-4ac0-bdce-1da9eec5bd2c,341,4,9325,FALSE
36494a82-a899-4ac0-bdce-1da9eec5bd2c,341,5,8762,FALSE
36494a82-a899-4ac0-bdce-1da9eec5bd2c,341,6,12729,FALSE
36494a82-a899-4ac0-bdce-1da9eec5bd2c,341,7,11048,FALSE
36494a82-a899-4ac0-bdce-1da9eec5bd2c,341,8,8588,FALSE
5f2f83d0-2253-4bdd-8ec6-6b6a99c18926,346,1,40562,TRUE
5f2f83d0-2253-4bdd-8ec6-6b6a99c18926,346,2,15466,FALSE
5f2f83d0-2253-4bdd-8ec6-6b6a99c18926,346,3,50186,TRUE
5f2f83d0-2253-4bdd-8ec6-6b6a99c18926,346,4,33116,TRUE
5f2f83d0-2253-4bdd-8ec6-6b6a99c18926,346,5,22123,FALSE
5f2f83d0-2253-4bdd-8ec6-6b6a99c18926,346,6,30224,TRUE
5f2f83d0-2253-4bdd-8ec6-6b6a99c18926,346,7,23483,FALSE
5f2f83d0-2253-4bdd-8ec6-6b6a99c18926,346,8,27330,TRUE
67b18c16-7b14-4f73-8d21-be4c782a0f7b,348,1,30039,TRUE
67b18c16-7b14-4f73-8d21-be4c782a0f7b,348,2,24749,FALSE
67b18c16-7b14-4f73-8d21-be4c782a0f7b,348,3,27039,TRUE
67b18c16-7b14-4f73-8d21-be4c782a0f7b,348,4,23536,FALSE
67b18c16-7b14-4f73-8d21-be4c782a0f7b,348,5,21730,FALSE
67b18c16-7b14-4f73-8d21-be4c782a0f7b,348,6,21865,FALSE
67b18c16-7b14-4f73-8d21-be4c782a0f7b,348,7,21243,FALSE
67b18c16-7b14-4f73-8d21-be4c782a0f7b,348,8,19592,FALSE
e34cde3a-0295-42d7-9584-d66e189ad5ef,349,1,45686,TRUE
e34cde3a-0295-42d7-9584-d66e189ad5ef,349,2,22195,FALSE
e34cde3a-0295-42d7-9584-d66e189ad5ef,349,3,22474,FALSE
e34cde3a-0295-42d7-9584-d66e189ad5ef,349,4,24804,FALSE
e34cde3a-0295-42d7-9584-d66e189ad5ef,349,5,18072,FALSE
e34cde3a-0295-42d7-9584-d66e189ad5ef,349,6,22691,FALSE
e34cde3a-0295-42d7-9584-d66e189ad5ef,349,7,30194,TRUE
e34cde3a-0295-42d7-9584-d66e189ad5ef,349,8,20716,FALSE
52a3e1a9-5bf9-4275-b4b9-50106bd47622,351,1,23530,FALSE
52a3e1a9-5bf9-4275-b4b9-50106bd47622,351,2,24473,FALSE
52a3e1a9-5bf9-4275-b4b9-50106bd47622,351,3,20833,FALSE
52a3e1a9-5bf9-4275-b4b9-50106bd47622,351,5,21965,FALSE
52a3e1a9-5bf9-4275-b4b9-50106bd47622,351,6,18535,FALSE
52a3e1a9-5bf9-4275-b4b9-50106bd47622,351,7,19437,FALSE
52a3e1a9-5bf9-4275-b4b9-50106bd47622,351,8,20117,FALSE
432e6f00-3fd4-4549-a3c5-1cd0871eb473,353,1,27297,TRUE
432e6f00-3fd4-4549-a3c5-1cd0871eb473,353,2,19233,FALSE
432e6f00-3fd4-4549-a3c5-1cd0871eb473,353,3,24969,FALSE
432e6f00-3fd4-4549-a3c5-1cd0871eb473,353,4,24133,FALSE
432e6f00-3fd4-4549-a3c5-1cd0871eb473,353,5,16677,FALSE
432e6f00-3fd4-4549-a3c5-1cd0871eb473,353,6,25445,TRUE
432e6f00-3fd4-4549-a3c5-1cd0871eb473,353,7,29263,TRUE
432e6f00-3fd4-4549-a3c5-1cd0871eb473,353,8,25826,TRUE
37ef6dc9-1fa1-4866-8e40-f80b0853820c,355,1,76477,TRUE
37ef6dc9-1fa1-4866-8e40-f80b0853820c,355,2,28448,TRUE
37ef6dc9-1fa1-4866-8e40-f80b0853820c,355,3,30108,TRUE
37ef6dc9-1fa1-4866-8e40-f80b0853820c,355,4,30717,TRUE
37ef6dc9-1fa1-4866-8e40-f80b0853820c,355,5,33501,TRUE
37ef6dc9-1fa1-4866-8e40-f80b0853820c,355,6,32141,TRUE
37ef6dc9-1fa1-4866-8e40-f80b0853820c,355,7,38058,TRUE
37ef6dc9-1fa1-4866-8e40-f80b0853820c,355,8,31998,TRUE
3682747c-608f-4b4e-8de8-b905c5c68633,357,1,22205,FALSE
3682747c-608f-4b4e-8de8-b905c5c68633,357,2,17422,FALSE
3682747c-608f-4b4e-8de8-b905c5c68633,357,3,19462,FALSE
3682747c-608f-4b4e-8de8-b905c5c68633,357,4,13477,FALSE
3682747c-608f-4b4e-8de8-b905c5c68633,357,5,15647,FALSE
3682747c-608f-4b4e-8de8-b905c5c68633,357,6,27566,TRUE
3682747c-608f-4b4e-8de8-b905c5c68633,357,7,16227,FALSE
3682747c-608f-4b4e-8de8-b905c5c68633,357,8,14519,FALSE
9ee968b3-3589-496d-a904-19bc224c2d35,359,1,51835,TRUE
9ee968b3-3589-496d-a904-19bc224c2d35,359,2,24578,FALSE
9ee968b3-3589-496d-a904-19bc224c2d35,359,3,49464,TRUE
9ee968b3-3589-496d-a904-19bc224c2d35,359,4,24508,FALSE
9ee968b3-3589-496d-a904-19bc224c2d35,359,5,25815,TRUE
9ee968b3-3589-496d-a904-19bc224c2d35,359,6,25188,FALSE
9ee968b3-3589-496d-a904-19bc224c2d35,359,7,29457,TRUE
9ee968b3-3589-496d-a904-19bc224c2d35,359,8,25101,FALSE
7fa69e90-0726-4f02-803e-da8e13e1d489,363,1,29810,TRUE
7fa69e90-0726-4f02-803e-da8e13e1d489,363,2,47417,TRUE
7fa69e90-0726-4f02-803e-da8e13e1d489,363,3,25281,TRUE
7fa69e90-0726-4f02-803e-da8e13e1d489,363,4,20868,FALSE
7fa69e90-0726-4f02-803e-da8e13e1d489,363,5,24359,FALSE
7fa69e90-0726-4f02-803e-da8e13e1d489,363,6,25494,TRUE
7fa69e90-0726-4f02-803e-da8e13e1d489,363,7,21264,FALSE
7fa69e90-0726-4f02-803e-da8e13e1d489,363,8,19980,FALSE
1b299b5c-6e3f-4413-9222-b17b7b332018,364,1,16826,FALSE
1b299b5c-6e3f-4413-9222-b17b7b332018,364,2,31544,TRUE
1b299b5c-6e3f-4413-9222-b17b7b332018,364,3,23809,FALSE
1b299b5c-6e3f-4413-9222-b17b7b332018,364,4,22373,FALSE
1b299b5c-6e3f-4413-9222-b17b7b332018,364,5,38832,TRUE
1b299b5c-6e3f-4413-9222-b17b7b332018,364,6,29720,TRUE
1b299b5c-6e3f-4413-9222-b17b7b332018,364,7,37711,TRUE
1b299b5c-6e3f-4413-9222-b17b7b332018,364,8,35409,TRUE
1437015f-f06c-4f72-82eb-dac6e29d1777,366,1,52846,TRUE
1437015f-f06c-4f72-82eb-dac6e29d1777,366,2,23207,FALSE
1437015f-f06c-4f72-82eb-dac6e29d1777,366,3,31591,TRUE
1437015f-f06c-4f72-82eb-dac6e29d1777,366,4,25339,TRUE
1437015f-f06c-4f72-82eb-dac6e29d1777,366,5,31420,TRUE
1437015f-f06c-4f72-82eb-dac6e29d1777,366,6,27143,TRUE
1437015f-f06c-4f72-82eb-dac6e29d1777,366,7,24312,FALSE
1437015f-f06c-4f72-82eb-dac6e29d1777,366,8,26204,TRUE
c376a252-af46-4b98-90af-146c282050e5,368,1,19577,FALSE
c376a252-af46-4b98-90af-146c282050e5,368,2,25488,TRUE
c376a252-af46-4b98-90af-146c282050e5,368,3,17746,FALSE
c376a252-af46-4b98-90af-146c282050e5,368,4,20394,FALSE
c376a252-af46-4b98-90af-146c282050e5,368,5,24975,FALSE
c376a252-af46-4b98-90af-146c282050e5,368,6,19833,FALSE
c376a252-af46-4b98-90af-146c282050e5,368,7,19433,FALSE
c376a252-af46-4b98-90af-146c282050e5,368,8,16500,FALSE
c45d292b-494d-408d-b085-7e411d9482e1,371,1,37988,TRUE
c45d292b-494d-408d-b085-7e411d9482e1,371,2,28732,TRUE
c45d292b-494d-408d-b085-7e411d9482e1,371,3,15825,FALSE
c45d292b-494d-408d-b085-7e411d9482e1,371,4,20133,FALSE
c45d292b-494d-408d-b085-7e411d9482e1,371,5,18507,FALSE
c45d292b-494d-408d-b085-7e411d9482e1,371,6,20046,FALSE
c45d292b-494d-408d-b085-7e411d9482e1,371,7,25041,FALSE
c45d292b-494d-408d-b085-7e411d9482e1,371,8,21458,FALSE
9ebc37a0-48ed-4169-9f50-b3c9f7602e22,381,1,33547,TRUE
9ebc37a0-48ed-4169-9f50-b3c9f7602e22,381,2,19010,FALSE
9ebc37a0-48ed-4169-9f50-b3c9f7602e22,381,3,26358,TRUE
9ebc37a0-48ed-4169-9f50-b3c9f7602e22,381,4,23650,FALSE
9ebc37a0-48ed-4169-9f50-b3c9f7602e22,381,5,15034,FALSE
9ebc37a0-48ed-4169-9f50-b3c9f7602e22,381,6,20093,FALSE
9ebc37a0-48ed-4169-9f50-b3c9f7602e22,381,7,39386,TRUE
9ebc37a0-48ed-4169-9f50-b3c9f7602e22,381,8,32793,TRUE
61f48631-3ba4-4417-a225-2bf0638519c8,383,1,35664,TRUE
61f48631-3ba4-4417-a225-2bf0638519c8,383,2,25785,TRUE
61f48631-3ba4-4417-a225-2bf0638519c8,383,3,28828,TRUE
61f48631-3ba4-4417-a225-2bf0638519c8,383,4,27265,TRUE
61f48631-3ba4-4417-a225-2bf0638519c8,383,5,25562,TRUE
61f48631-3ba4-4417-a225-2bf0638519c8,383,6,23328,FALSE
61f48631-3ba4-4417-a225-2bf0638519c8,383,7,26286,TRUE
61f48631-3ba4-4417-a225-2bf0638519c8,383,8,26698,TRUE
44444c2f-fc77-4afd-94d9-f7dff4795c9b,385,1,15525,FALSE
44444c2f-fc77-4afd-94d9-f7dff4795c9b,385,2,24280,FALSE
44444c2f-fc77-4afd-94d9-f7dff4795c9b,385,3,21725,FALSE
44444c2f-fc77-4afd-94d9-f7dff4795c9b,385,4,35846,TRUE
44444c2f-fc77-4afd-94d9-f7dff4795c9b,385,5,24688,FALSE
44444c2f-fc77-4afd-94d9-f7dff4795c9b,385,6,39383,TRUE
44444c2f-fc77-4afd-94d9-f7dff4795c9b,385,7,40116,TRUE
44444c2f-fc77-4afd-94d9-f7dff4795c9b,385,8,27135,TRUE
b130ae6f-de8b-4258-89ba-8f5941a8fc22,387,1,26498,TRUE
b130ae6f-de8b-4258-89ba-8f5941a8fc22,387,2,23752,FALSE
b130ae6f-de8b-4258-89ba-8f5941a8fc22,387,3,20668,FALSE
b130ae6f-de8b-4258-89ba-8f5941a8fc22,387,4,25860,TRUE
b130ae6f-de8b-4258-89ba-8f5941a8fc22,387,5,22145,FALSE
b130ae6f-de8b-4258-89ba-8f5941a8fc22,387,6,22589,FALSE
b130ae6f-de8b-4258-89ba-8f5941a8fc22,387,7,19971,FALSE
b130ae6f-de8b-4258-89ba-8f5941a8fc22,387,8,22561,FALSE
9eb56b67-409d-4541-babd-11fc2185e7fe,389,1,23717,FALSE
9eb56b67-409d-4541-babd-11fc2185e7fe,389,2,22383,FALSE
9eb56b67-409d-4541-babd-11fc2185e7fe,389,3,25388,TRUE
9eb56b67-409d-4541-babd-11fc2185e7fe,389,4,23460,FALSE
9eb56b67-409d-4541-babd-11fc2185e7fe,389,5,19597,FALSE
9eb56b67-409d-4541-babd-11fc2185e7fe,389,6,18830,FALSE
9eb56b67-409d-4541-babd-11fc2185e7fe,389,7,20251,FALSE
9eb56b67-409d-4541-babd-11fc2185e7fe,389,8,23369,FALSE
9f733f7f-5e32-48d1-8074-a17e1b767898,392,1,35988,TRUE
9f733f7f-5e32-48d1-8074-a17e1b767898,392,2,25120,FALSE
9f733f7f-5e32-48d1-8074-a17e1b767898,392,3,23373,FALSE
9f733f7f-5e32-48d1-8074-a17e1b767898,392,4,22463,FALSE
9f733f7f-5e32-48d1-8074-a17e1b767898,392,5,19525,FALSE
9f733f7f-5e32-48d1-8074-a17e1b767898,392,6,26691,TRUE
9f733f7f-5e32-48d1-8074-a17e1b767898,392,7,15466,FALSE
9f733f7f-5e32-48d1-8074-a17e1b767898,392,8,19148,FALSE
